--Hardcoded em IDs utilizado para facilitar organizacao do relacionamento entre inserts
--TIPOS DE CONTAS
INSERT INTO TIPO_CONTA (ID_TIPO_CONTA, NOME) VALUES ( 1, 'PJ');
INSERT INTO TIPO_CONTA (ID_TIPO_CONTA, NOME) VALUES ( 2, 'PF');
INSERT INTO TIPO_CONTA (ID_TIPO_CONTA, NOME) VALUES ( 3, 'CONJ');
INSERT INTO TIPO_CONTA (ID_TIPO_CONTA, NOME) VALUES ( 4, 'INVEST');

--BANCOS E AGENCIAS
--BANCO 011 ALFA
INSERT INTO BANCO (CODIGO, NOME) VALUES ( '011', 'Banco Alfa' );
--AGENCIA 0001:011
INSERT INTO PAIS (ID_PAIS, NOME) VALUES ( 1, 'Brasil');
INSERT INTO ESTADO (ID_ESTADO, ID_PAIS, NOME) VALUES ( 1, 1, 'NA' );
INSERT INTO CIDADE (ID_CIDADE, ID_ESTADO, NOME) VALUES ( 1, 1, 'NA' );
INSERT INTO BAIRRO (ID_BAIRRO, ID_CIDADE, ID_ESTADO, NOME) VALUES ( 1, 1, 1, 'NA' );
INSERT INTO ENDERECO (ID_ENDERECO, ID_BAIRRO, ID_CIDADE, LOGRADOURO, NUMERO, COMPLEMENTO, CEP)
        VALUES ( 1, 1, 1, 'Rua Testando', 55, 'Loja 1', '123456789' );
INSERT INTO AGENCIA( CODIGO, ID_BANCO, ID_ENDERECO, NOME ) VALUES ( '0001', '011', 1, 'WEB' );
--AGENCIA 0002:011
INSERT INTO PAIS (ID_PAIS, NOME) VALUES ( 2, 'EUA');
INSERT INTO ESTADO (ID_ESTADO, ID_PAIS, NOME) VALUES ( 2, 2, 'California' );
INSERT INTO CIDADE (ID_CIDADE, ID_ESTADO, NOME) VALUES ( 2, 2, 'San Francisco' );
INSERT INTO BAIRRO (ID_BAIRRO, ID_CIDADE, ID_ESTADO, NOME) VALUES ( 2, 2, 2, 'Between Hyde and Powell Streets' );
INSERT INTO ENDERECO (ID_ENDERECO, ID_BAIRRO, ID_CIDADE, LOGRADOURO, NUMERO )
        VALUES ( 2, 2, 2, 'Rua Testing', 122 );
INSERT INTO AGENCIA( CODIGO, ID_BANCO, ID_ENDERECO, NOME ) VALUES ( '0002', '011', 2, 'California' );
--AGENCIA 0101:011
INSERT INTO PAIS (ID_PAIS, NOME) VALUES ( 3, 'England');
INSERT INTO ESTADO (ID_ESTADO, ID_PAIS, NOME) VALUES ( 3, 3, 'Boroughs' );
INSERT INTO CIDADE (ID_CIDADE, ID_ESTADO, NOME) VALUES ( 3, 3, 'Londres' );
INSERT INTO BAIRRO (ID_BAIRRO, ID_CIDADE, ID_ESTADO, NOME) VALUES ( 3, 3, 3, 'Croydon' );
INSERT INTO ENDERECO (ID_ENDERECO, ID_BAIRRO, ID_CIDADE, LOGRADOURO, NUMERO )
        VALUES ( 3, 3, 3, 'Rua Tesing', 525 );
INSERT INTO AGENCIA( CODIGO, ID_BANCO, ID_ENDERECO, NOME ) VALUES ( '0101', '011', 3, 'Londres' );
--BANCO 241 BETA
INSERT INTO BANCO (CODIGO, NOME) VALUES ( '241', 'Banco Beta' );
--AGENCIA 0001:241
INSERT INTO ENDERECO (ID_ENDERECO, ID_BAIRRO, ID_CIDADE, LOGRADOURO, NUMERO, COMPLEMENTO)
        VALUES ( 4, 1, 1, 'Rua Testando', 55, 'Loja 2' );
INSERT INTO AGENCIA( CODIGO, ID_BANCO, ID_ENDERECO, NOME ) VALUES ( '0001', '241', 4, 'Web' );
--BANCO 307
INSERT INTO BANCO (CODIGO, NOME) VALUES ( '307', 'Omega' );
--AGENCIA 0001:307
INSERT INTO ENDERECO (ID_ENDERECO, ID_BAIRRO, ID_CIDADE, LOGRADOURO, NUMERO, COMPLEMENTO)
        VALUES ( 5, 1, 1, 'Rua Testando', 55, 'Loja 3' );
INSERT INTO AGENCIA( CODIGO, ID_BANCO, ID_ENDERECO, NOME ) VALUES ( '0001', '307', 5, 'Web' );
--AGENCIA 8761:307
INSERT INTO ESTADO (ID_ESTADO, ID_PAIS, NOME) VALUES ( 5, 1, 'São Paulo' );
INSERT INTO CIDADE (ID_CIDADE, ID_ESTADO, NOME) VALUES ( 5, 5, 'Itu' );
INSERT INTO BAIRRO (ID_BAIRRO, ID_CIDADE, ID_ESTADO, NOME) VALUES ( 5, 5, 5, 'Qualquer' );
INSERT INTO ENDERECO (ID_ENDERECO, ID_BAIRRO, ID_CIDADE, LOGRADOURO, NUMERO, COMPLEMENTO)
        VALUES ( 6, 1, 1, 'Rua Testando', 55, 'Loja 2' );
INSERT INTO AGENCIA( CODIGO, ID_BANCO, ID_ENDERECO, NOME ) VALUES ( '8761', '307', 6, 'Itu' );
--AGENCIA 4567:307
INSERT INTO PAIS (ID_PAIS, NOME) VALUES ( 4, 'Argentina');
INSERT INTO ESTADO (ID_ESTADO, ID_PAIS, NOME) VALUES ( 4, 4, 'Buenos Aires' );
INSERT INTO CIDADE (ID_CIDADE, ID_ESTADO, NOME) VALUES ( 4, 4, 'Buenos Aires' );
INSERT INTO BAIRRO (ID_BAIRRO, ID_CIDADE, ID_ESTADO, NOME) VALUES ( 4, 4, 4, 'Caminito' );
INSERT INTO ENDERECO (ID_ENDERECO, ID_BAIRRO, ID_CIDADE, LOGRADOURO, NUMERO )
        VALUES ( 7, 4, 4, 'Rua do boca', 222 );
INSERT INTO AGENCIA( CODIGO, ID_BANCO, ID_ENDERECO, NOME ) VALUES ( '4567', '307', 7, 'Hermana' );

--CORRENTISTAS
--BANCO 011
--AGENCIA 0001:011
--GERENTE
INSERT INTO ENDERECO (ID_ENDERECO, ID_BAIRRO, ID_CIDADE, LOGRADOURO, NUMERO )
        VALUES ( 8, 1, 1, 'Rua testa do gerente', 666 );
INSERT INTO CLIENTE (CPF, NOME, DATA_NASCIMENTO, ESTADO_CIVIL) 
    VALUES ( '11111111111111', 'Gerente da Silva', '01-01-1981', 'SOLTEIRO(A)' );
INSERT INTO CLIENTE_X_ENDERECO (CPF, ID_ENDERECO )
    VALUES ('11111111111111', 8 );
INSERT INTO GERENTE (CPF, FK_CODIGO, ID_BANCO, CODIGO_FUNCIONARIO, TIPO_GERENTE)
    VALUES ( '11111111111111', '0001', '011', 1, 'GC' );
--CLIENTES
--CLIENTES CONTA 1111:0001:011 PJ
INSERT INTO ENDERECO (ID_ENDERECO, ID_BAIRRO, ID_CIDADE, LOGRADOURO, NUMERO )
        VALUES ( 11, 1, 1, 'Rua clienteste', 111 );
INSERT INTO CLIENTE (CPF, NOME, DATA_NASCIMENTO, ESTADO_CIVIL) 
    VALUES ( '12345678910123', 'Cliente da silva', '01-01-1992', 'CASADO(A)' );
INSERT INTO CLIENTE_X_ENDERECO (CPF, ID_ENDERECO )
    VALUES ( '12345678910123', 11 );
INSERT INTO CLIENTE (CPF, NOME, DATA_NASCIMENTO, ESTADO_CIVIL) 
    VALUES ( '12345678910000', 'Clientosa da silva', '01-10-1994', 'CASADO(A)' );
INSERT INTO CLIENTE_X_ENDERECO (CPF, ID_ENDERECO )
    VALUES ( '12345678910000', 11 );
INSERT INTO CLIENTE (CPF, NOME, DATA_NASCIMENTO, ESTADO_CIVIL) 
    VALUES ( '12345678913333', 'Cliente da silva filho', '01-01-2010', 'SOLTEIRO(A)' );
INSERT INTO CLIENTE_X_ENDERECO (CPF, ID_ENDERECO )
    VALUES ( '12345678913333', 11 );
--CLIENTES CONTA 2222:0001:011 CONJ
INSERT INTO ENDERECO (ID_ENDERECO, ID_BAIRRO, ID_CIDADE, LOGRADOURO, NUMERO )
        VALUES ( 12, 1, 1, 'Rua testeconj', 10 );
INSERT INTO CLIENTE (CPF, NOME, DATA_NASCIMENTO, ESTADO_CIVIL) 
    VALUES ( '11112222222222', 'Joao de almeida', '01-10-1994', 'CASADO(A)' );
INSERT INTO CLIENTE (CPF, NOME, DATA_NASCIMENTO, ESTADO_CIVIL) 
    VALUES ( '11113333333333', 'Maria de almeida', '01-10-1994', 'CASADO(A)' );
INSERT INTO CLIENTE_X_ENDERECO (CPF, ID_ENDERECO )
    VALUES ( '11112222222222', 12 );
INSERT INTO CLIENTE_X_ENDERECO (CPF, ID_ENDERECO )
    VALUES ( '11113333333333', 12 );
--CLIENTES CONTA 9990:0001:011 PF
INSERT INTO ENDERECO (ID_ENDERECO, ID_BAIRRO, ID_CIDADE, LOGRADOURO, NUMERO )
        VALUES ( 13, 1, 1, 'Rua testePF', 100 );
INSERT INTO CLIENTE (CPF, NOME, DATA_NASCIMENTO, ESTADO_CIVIL) 
    VALUES ( '22223333333333', 'Araci da PF', '01-10-1970', 'CASADO(A)' );
INSERT INTO CLIENTE_X_ENDERECO (CPF, ID_ENDERECO) VALUES ( '22223333333333', 13 );
--CLIENTES 9991:0001:011 INVEST
INSERT INTO ENDERECO (ID_ENDERECO, ID_BAIRRO, ID_CIDADE, LOGRADOURO, NUMERO )
        VALUES ( 14, 1, 1, 'Rua do investimento', 654 );
INSERT INTO CLIENTE (CPF, NOME, DATA_NASCIMENTO, ESTADO_CIVIL) 
    VALUES ( '44440000000000', 'Joao Investidor', '01-08-1988', 'CASADO(A)' );
INSERT INTO CLIENTE_X_ENDERECO (CPF, ID_ENDERECO) VALUES ( '44440000000000', 14 );
--CONTAS
--CONTA 1111:0001:011 PJ
INSERT INTO CONTA (CODIGO, CODIGO_AGENCIA, ID_BANCO, TIPO_CONTA, SALDO )
    VALUES ( 1111, '0001', '011', 1, DEFAULT);
INSERT INTO CLIENTE_X_CONTA (ID_CLIENTE, CODIGO, ID_BANCO, TIPO_CONTA)
    VALUES ( '12345678910123', 1111, '011', 1);
INSERT INTO CLIENTE_X_CONTA (ID_CLIENTE, CODIGO, ID_BANCO, TIPO_CONTA)
    VALUES ( '12345678910000', 1111, '011', 1);
INSERT INTO CLIENTE_X_CONTA (ID_CLIENTE, CODIGO, ID_BANCO, TIPO_CONTA)
    VALUES ( '12345678913333', 1111, '011', 1);
INSERT INTO GERENTE_X_CONTA(CPF, CODIGO) VALUES ( '11111111111111', 1111 );
--CONTA 2222:0001:011 CONJ
INSERT INTO CONTA (CODIGO, CODIGO_AGENCIA, ID_BANCO, TIPO_CONTA, SALDO )
    VALUES ( 2222, '0001', '011', 3, DEFAULT);
INSERT INTO CLIENTE_X_CONTA (ID_CLIENTE, CODIGO, ID_BANCO, TIPO_CONTA)
    VALUES ( '11112222222222', 2222, '011', 3);
INSERT INTO CLIENTE_X_CONTA (ID_CLIENTE, CODIGO, ID_BANCO, TIPO_CONTA)
    VALUES ( '11113333333333', 2222, '011', 3);
INSERT INTO GERENTE_X_CONTA(CPF, CODIGO) VALUES ( '11111111111111', 2222 );
--CONTA 9990:0001:011 PF
INSERT INTO CONTA (CODIGO, CODIGO_AGENCIA, ID_BANCO, TIPO_CONTA, SALDO )
    VALUES ( 9990, '0001', '011', 2, DEFAULT);
INSERT INTO CLIENTE_X_CONTA (ID_CLIENTE, CODIGO, ID_BANCO, TIPO_CONTA)
    VALUES ( '22223333333333', 9990, '011', 2);
INSERT INTO GERENTE_X_CONTA(CPF, CODIGO) VALUES ( '11111111111111', 9990 );
--CONTA 9991:0001:011 INVEST
INSERT INTO CONTA (CODIGO, CODIGO_AGENCIA, ID_BANCO, TIPO_CONTA, SALDO )
    VALUES ( 9991, '0001', '011', 4, DEFAULT);
INSERT INTO CLIENTE_X_CONTA (ID_CLIENTE, CODIGO, ID_BANCO, TIPO_CONTA)
    VALUES ( '44440000000000', 9991, '011', 4);
INSERT INTO GERENTE_X_CONTA(CPF, CODIGO) VALUES ( '11111111111111', 9991 );
--AGENCIA 0002:011
--GERENTE
INSERT INTO ENDERECO (ID_ENDERECO, ID_BAIRRO, ID_CIDADE, LOGRADOURO, NUMERO )
        VALUES ( 9, 2, 2, 'Rua manager testing', 999 );
INSERT INTO CLIENTE (CPF, NOME, DATA_NASCIMENTO, ESTADO_CIVIL) 
    VALUES ( '22222222222222', 'Gerente de Souza', '01-02-1990', 'CASADO(A)' );
INSERT INTO CLIENTE_X_ENDERECO (CPF, ID_ENDERECO )
    VALUES ('22222222222222', 9 );
INSERT INTO GERENTE (CPF, FK_CODIGO, ID_BANCO, CODIGO_FUNCIONARIO, TIPO_GERENTE)
    VALUES ( '22222222222222', '0002', '011', 2, 'GC' );
--CLIENTES 0002:011
--CLIENTES CONTA 1234:0002:011 CONJ
INSERT INTO ENDERECO (ID_ENDERECO, ID_BAIRRO, ID_CIDADE, LOGRADOURO, NUMERO )
        VALUES ( 15, 2, 2, 'a street', 221 );
INSERT INTO CLIENTE (CPF, NOME, DATA_NASCIMENTO, ESTADO_CIVIL) 
    VALUES ( '11223344556644', 'John from america', '01-05-1985', 'CASADO(A)' );
INSERT INTO CLIENTE (CPF, NOME, DATA_NASCIMENTO, ESTADO_CIVIL) 
    VALUES ( '11113333222244', 'Mary from america', '01-05-1983', 'CASADO(A)' );
INSERT INTO CLIENTE_X_ENDERECO (CPF, ID_ENDERECO )
    VALUES ( '11223344556644', 15 );
INSERT INTO CLIENTE_X_ENDERECO (CPF, ID_ENDERECO )
    VALUES ( '11113333222244', 15 );
--CLIENTES CONTA 20000:0002:011 PJ
INSERT INTO ENDERECO (ID_ENDERECO, ID_BAIRRO, ID_CIDADE, LOGRADOURO, NUMERO )
        VALUES ( 16, 2, 2, 'PJ Street', 20 );
INSERT INTO CLIENTE (CPF, NOME, DATA_NASCIMENTO, ESTADO_CIVIL) 
    VALUES ( '99887766554444', 'Mr Costumer pj', '01-01-1960', 'CASADO(A)' );
INSERT INTO CLIENTE_X_ENDERECO (CPF, ID_ENDERECO )
    VALUES ( '99887766554444', 16 );
INSERT INTO CLIENTE (CPF, NOME, DATA_NASCIMENTO, ESTADO_CIVIL) 
    VALUES ( '44445566778899', 'Mrs Costumer pj', '20-10-1970', 'CASADO(A)' );
INSERT INTO CLIENTE_X_ENDERECO (CPF, ID_ENDERECO )
    VALUES ( '44445566778899', 16 );
INSERT INTO CLIENTE (CPF, NOME, DATA_NASCIMENTO, ESTADO_CIVIL) 
    VALUES ( '88888888999999', 'Costumer pj jr', '01-08-1995', 'SOLTEIRO(A)' );
INSERT INTO CLIENTE_X_ENDERECO (CPF, ID_ENDERECO )
    VALUES ( '88888888999999', 16 );
--CLIENTES CONTA 49000:0002:011 INVEST
INSERT INTO ENDERECO (ID_ENDERECO, ID_BAIRRO, ID_CIDADE, LOGRADOURO, NUMERO )
        VALUES ( 17, 2, 2, 'Investment street', 800 );
INSERT INTO CLIENTE (CPF, NOME, DATA_NASCIMENTO, ESTADO_CIVIL) 
    VALUES ( '55555000000000', 'John investor', '10-08-1990', 'DIVORCIADO(A)' );
INSERT INTO CLIENTE_X_ENDERECO (CPF, ID_ENDERECO) VALUES ( '55555000000000', 17 );
--CONTAS
--CONTA 1234:0002:011 CONJ
INSERT INTO CONTA (CODIGO, CODIGO_AGENCIA, ID_BANCO, TIPO_CONTA, SALDO )
    VALUES ( 1234, '0002', '011', 3, DEFAULT);
INSERT INTO CLIENTE_X_CONTA (ID_CLIENTE, CODIGO, ID_BANCO, TIPO_CONTA)
    VALUES ( '11223344556644', 1234, '011', 3);
INSERT INTO CLIENTE_X_CONTA (ID_CLIENTE, CODIGO, ID_BANCO, TIPO_CONTA)
    VALUES ( '11113333222244', 1234, '011', 3);
INSERT INTO GERENTE_X_CONTA(CPF, CODIGO) VALUES ( '22222222222222', 1234 );
--CONTA 20000:0002:011 PJ
INSERT INTO CONTA (CODIGO, CODIGO_AGENCIA, ID_BANCO, TIPO_CONTA, SALDO )
    VALUES ( 20000, '0002', '011', 1, DEFAULT);
INSERT INTO CLIENTE_X_CONTA (ID_CLIENTE, CODIGO, ID_BANCO, TIPO_CONTA)
    VALUES ( '99887766554444', 20000, '011', 1);
INSERT INTO CLIENTE_X_CONTA (ID_CLIENTE, CODIGO, ID_BANCO, TIPO_CONTA)
    VALUES ( '44445566778899', 20000, '011', 1);
INSERT INTO CLIENTE_X_CONTA (ID_CLIENTE, CODIGO, ID_BANCO, TIPO_CONTA)
    VALUES ( '88888888999999', 20000, '011', 1);
INSERT INTO GERENTE_X_CONTA(CPF, CODIGO) VALUES ( '22222222222222', 20000 );
--CONTA 49000:0002:011 INVEST
INSERT INTO CONTA (CODIGO, CODIGO_AGENCIA, ID_BANCO, TIPO_CONTA, SALDO )
    VALUES ( 49000, '0002', '011', 4, DEFAULT);
INSERT INTO CLIENTE_X_CONTA (ID_CLIENTE, CODIGO, ID_BANCO, TIPO_CONTA)
    VALUES ( '55555000000000', 49000, '011', 4);
INSERT INTO GERENTE_X_CONTA(CPF, CODIGO) VALUES ( '22222222222222', 49000 );
--AGENCIA 0101:011
--GERENTE
INSERT INTO ENDERECO (ID_ENDERECO, ID_BAIRRO, ID_CIDADE, LOGRADOURO, NUMERO )
        VALUES ( 10, 3, 3, 'Rua England tester', 10666 );
INSERT INTO CLIENTE (CPF, NOME, DATA_NASCIMENTO, ESTADO_CIVIL) 
    VALUES ( '33333333333333', 'Gerente Britanico', '01-08-1990', 'CASADO(A)' );
INSERT INTO CLIENTE_X_ENDERECO (CPF, ID_ENDERECO )
    VALUES ('33333333333333', 10 );
INSERT INTO GERENTE (CPF, FK_CODIGO, ID_BANCO, CODIGO_FUNCIONARIO, TIPO_GERENTE)
    VALUES ( '33333333333333', '0101', '011', 3, 'GC' );
--CLIENTES
--CLIENTES CONTA 6666:0101:011 CONJ
INSERT INTO ENDERECO (ID_ENDERECO, ID_BAIRRO, ID_CIDADE, LOGRADOURO, NUMERO )
        VALUES ( 18, 3, 3, 'England street', 987 );
INSERT INTO CLIENTE (CPF, NOME, DATA_NASCIMENTO, ESTADO_CIVIL) 
    VALUES ( '33333322222222', 'John from england', '01-05-1987', 'CASADO(A)' );
INSERT INTO CLIENTE (CPF, NOME, DATA_NASCIMENTO, ESTADO_CIVIL) 
    VALUES ( '44444455555555', 'Mary from england', '01-05-1979', 'CASADO(A)' );
INSERT INTO CLIENTE_X_ENDERECO (CPF, ID_ENDERECO )
    VALUES ( '33333322222222', 18 );
INSERT INTO CLIENTE_X_ENDERECO (CPF, ID_ENDERECO )
    VALUES ( '44444455555555', 18 );
--CLIENTES CONTA 45000:0101:011 INVEST
INSERT INTO ENDERECO (ID_ENDERECO, ID_BAIRRO, ID_CIDADE, LOGRADOURO, NUMERO )
        VALUES ( 19, 3, 3, 'England investments street', 9500 );
INSERT INTO CLIENTE (CPF, NOME, DATA_NASCIMENTO, ESTADO_CIVIL) 
    VALUES ( '44444445555558', 'English investor', '25-08-1987', 'DIVORCIADO(A)' );
INSERT INTO CLIENTE_X_ENDERECO (CPF, ID_ENDERECO) VALUES ( '44444445555558', 19 );
--CLIENTES CONTA 50000:0101:011 PF
INSERT INTO ENDERECO (ID_ENDERECO, ID_BAIRRO, ID_CIDADE, LOGRADOURO, NUMERO )
        VALUES ( 20, 3, 3, 'England PF street', 1234 );
INSERT INTO CLIENTE (CPF, NOME, DATA_NASCIMENTO, ESTADO_CIVIL) 
    VALUES ( '88885555555555', 'Mr John PF', '30-08-1987', 'DIVORCIADO(A)' );
INSERT INTO CLIENTE_X_ENDERECO (CPF, ID_ENDERECO) VALUES ( '88885555555555', 20 );
--CONTAS
--CONTA 6666:0101:011 CONJ
INSERT INTO CONTA (CODIGO, CODIGO_AGENCIA, ID_BANCO, TIPO_CONTA, SALDO )
    VALUES ( 6666, '0101', '011', 3, DEFAULT);
INSERT INTO CLIENTE_X_CONTA (ID_CLIENTE, CODIGO, ID_BANCO, TIPO_CONTA)
    VALUES ( '33333322222222', 6666, '011', 3);
INSERT INTO CLIENTE_X_CONTA (ID_CLIENTE, CODIGO, ID_BANCO, TIPO_CONTA)
    VALUES ( '44444455555555', 6666, '011', 3);
INSERT INTO GERENTE_X_CONTA(CPF, CODIGO) VALUES ( '33333333333333', 6666 );
--CONTA 45000:0101:011 INVEST
INSERT INTO CONTA (CODIGO, CODIGO_AGENCIA, ID_BANCO, TIPO_CONTA, SALDO )
    VALUES ( 45000, '0101', '011', 4, DEFAULT);
INSERT INTO CLIENTE_X_CONTA (ID_CLIENTE, CODIGO, ID_BANCO, TIPO_CONTA)
    VALUES ( '44444445555558', 45000, '011', 4);
INSERT INTO GERENTE_X_CONTA(CPF, CODIGO) VALUES ( '33333333333333', 45000 );
--CONTA 50000:0101:011 PF
INSERT INTO CONTA (CODIGO, CODIGO_AGENCIA, ID_BANCO, TIPO_CONTA, SALDO )
    VALUES ( 50000, '0101', '011', 2, DEFAULT);
INSERT INTO CLIENTE_X_CONTA (ID_CLIENTE, CODIGO, ID_BANCO, TIPO_CONTA)
    VALUES ( '88885555555555', 50000, '011', 2);
INSERT INTO GERENTE_X_CONTA(CPF, CODIGO) VALUES ( '33333333333333', 50000 );

--BANCO 241
--AGENCIA 0001:241
--GERENTE
INSERT INTO ENDERECO (ID_ENDERECO, ID_BAIRRO, ID_CIDADE, LOGRADOURO, NUMERO )
        VALUES ( 21, 1, 1, 'Rua do outro teste', 555 );
INSERT INTO CLIENTE (CPF, NOME, DATA_NASCIMENTO, ESTADO_CIVIL) 
    VALUES ( '44444444444444', 'Gerente de almeida', '15-12-1965', 'VIÚVO(A)' );
INSERT INTO CLIENTE_X_ENDERECO (CPF, ID_ENDERECO )
    VALUES ( '44444444444444', 21 );
INSERT INTO GERENTE (CPF, FK_CODIGO, ID_BANCO, CODIGO_FUNCIONARIO, TIPO_GERENTE)
    VALUES ( '44444444444444', '0001', '241', 4, 'GC' );
--CLIENTES
--CLIENTES CONTA 101010:0001:241 PJ
INSERT INTO ENDERECO (ID_ENDERECO, ID_BAIRRO, ID_CIDADE, LOGRADOURO, NUMERO )
        VALUES ( 22, 1, 1, 'Rua dos testes', 564 );
INSERT INTO CLIENTE (CPF, NOME, DATA_NASCIMENTO, ESTADO_CIVIL) 
    VALUES ( '77889996665555', 'Cliente pai pj', '01-01-1980', 'CASADO(A)' );
INSERT INTO CLIENTE_X_ENDERECO (CPF, ID_ENDERECO )
    VALUES ( '77889996665555', 22 );
INSERT INTO CLIENTE (CPF, NOME, DATA_NASCIMENTO, ESTADO_CIVIL) 
    VALUES ( '77777775555555', 'Clientosa mae pj', '01-10-1982', 'CASADO(A)' );
INSERT INTO CLIENTE_X_ENDERECO (CPF, ID_ENDERECO )
    VALUES ( '77777775555555', 22 );
INSERT INTO CLIENTE (CPF, NOME, DATA_NASCIMENTO, ESTADO_CIVIL) 
    VALUES ( '66666666555555', 'Cliente filho pj', '01-01-2000', 'SOLTEIRO(A)' );
INSERT INTO CLIENTE_X_ENDERECO (CPF, ID_ENDERECO )
    VALUES ( '66666666555555', 22 );
--CLIENTES CONTA 212121:0001:241 CONJ
INSERT INTO ENDERECO (ID_ENDERECO, ID_BAIRRO, ID_CIDADE, LOGRADOURO, NUMERO )
        VALUES ( 23, 1, 1, 'Rua testando conjuntos', 25 );
INSERT INTO CLIENTE (CPF, NOME, DATA_NASCIMENTO, ESTADO_CIVIL) 
    VALUES ( '66655545454440', 'Enzo dos santos', '01-02-1992', 'CASADO(A)' );
INSERT INTO CLIENTE (CPF, NOME, DATA_NASCIMENTO, ESTADO_CIVIL) 
    VALUES ( '77766655454541', 'Maria dos santos', '20-10-1994', 'CASADO(A)' );
INSERT INTO CLIENTE_X_ENDERECO (CPF, ID_ENDERECO )
    VALUES ( '66655545454440', 23 );
INSERT INTO CLIENTE_X_ENDERECO (CPF, ID_ENDERECO )
    VALUES ( '77766655454541', 23 );
--CLIENTES CONTA 121221:0001:241 PF
INSERT INTO ENDERECO (ID_ENDERECO, ID_BAIRRO, ID_CIDADE, LOGRADOURO, NUMERO )
        VALUES ( 24, 1, 1, 'Rua testePF2', 150 );
INSERT INTO CLIENTE (CPF, NOME, DATA_NASCIMENTO, ESTADO_CIVIL) 
    VALUES ( '00000111100000', 'Mais um da PF', '01-10-1980', 'CASADO(A)' );
INSERT INTO CLIENTE_X_ENDERECO (CPF, ID_ENDERECO )
    VALUES ( '00000111100000', 24 );
--CLIENTES 10015:0001:011 INVEST
INSERT INTO ENDERECO (ID_ENDERECO, ID_BAIRRO, ID_CIDADE, LOGRADOURO, NUMERO )
        VALUES ( 25, 1, 1, 'Rua do investimento', 100 );
INSERT INTO CLIENTE (CPF, NOME, DATA_NASCIMENTO, ESTADO_CIVIL) 
    VALUES ( '66666666660000', 'Maria Investidora', '24-08-1992', 'CASADO(A)' );
INSERT INTO CLIENTE_X_ENDERECO (CPF, ID_ENDERECO) VALUES ( '66666666660000', 25 );
--CONTAS
--CONTA 101010:0001:241 PJ
INSERT INTO CONTA (CODIGO, CODIGO_AGENCIA, ID_BANCO, TIPO_CONTA, SALDO )
    VALUES ( 101010, '0001', '241', 1, DEFAULT);
INSERT INTO CLIENTE_X_CONTA (ID_CLIENTE, CODIGO, ID_BANCO, TIPO_CONTA)
    VALUES ( '77889996665555', 101010, '241', 1);
INSERT INTO CLIENTE_X_CONTA (ID_CLIENTE, CODIGO, ID_BANCO, TIPO_CONTA)
    VALUES ( '77777775555555', 101010, '241', 1);
INSERT INTO CLIENTE_X_CONTA (ID_CLIENTE, CODIGO, ID_BANCO, TIPO_CONTA)
    VALUES ( '66666666555555', 101010, '241', 1);
INSERT INTO GERENTE_X_CONTA(CPF, CODIGO) VALUES ( '44444444444444', 101010 );
--CONTA 212121:0001:241 CONJ
INSERT INTO CONTA (CODIGO, CODIGO_AGENCIA, ID_BANCO, TIPO_CONTA, SALDO )
    VALUES ( 212121, '0001', '241', 3, DEFAULT);
INSERT INTO CLIENTE_X_CONTA (ID_CLIENTE, CODIGO, ID_BANCO, TIPO_CONTA)
    VALUES ( '66655545454440', 212121, '241', 3);
INSERT INTO CLIENTE_X_CONTA (ID_CLIENTE, CODIGO, ID_BANCO, TIPO_CONTA)
    VALUES ( '77766655454541', 212121, '241', 3);
INSERT INTO GERENTE_X_CONTA(CPF, CODIGO) VALUES ( '44444444444444', 212121 );
--CONTA 121221:0001:241 PF
INSERT INTO CONTA (CODIGO, CODIGO_AGENCIA, ID_BANCO, TIPO_CONTA, SALDO )
    VALUES ( 121221, '0001', '241', 2, DEFAULT);
INSERT INTO CLIENTE_X_CONTA (ID_CLIENTE, CODIGO, ID_BANCO, TIPO_CONTA)
    VALUES ( '00000111100000', 121221, '241', 2);
INSERT INTO GERENTE_X_CONTA(CPF, CODIGO) VALUES ( '44444444444444', 121221 );
--CONTA 10015:0001:241 INVEST
INSERT INTO CONTA (CODIGO, CODIGO_AGENCIA, ID_BANCO, TIPO_CONTA, SALDO )
    VALUES ( 10015, '0001', '241', 4, DEFAULT);
INSERT INTO CLIENTE_X_CONTA (ID_CLIENTE, CODIGO, ID_BANCO, TIPO_CONTA)
    VALUES ( '66666666660000', 10015, '241', 4);
INSERT INTO GERENTE_X_CONTA(CPF, CODIGO) VALUES ( '44444444444444', 10015 );

--CLIENTES CONTA 9999:0001:241 CONJ
INSERT INTO ENDERECO (ID_ENDERECO, ID_BAIRRO, ID_CIDADE, LOGRADOURO, NUMERO )
        VALUES ( 26, 1, 1, 'Rua teste 3', 220 );
INSERT INTO CLIENTE (CPF, NOME, DATA_NASCIMENTO, ESTADO_CIVIL) 
    VALUES ( '15935711111111', 'Joao do teste 2', '01-05-1990', 'CASADO(A)' );
INSERT INTO CLIENTE (CPF, NOME, DATA_NASCIMENTO, ESTADO_CIVIL) 
    VALUES ( '95175366666666', 'Maria do teste 2', '01-05-1983', 'CASADO(A)' );
INSERT INTO CLIENTE_X_ENDERECO (CPF, ID_ENDERECO )
    VALUES ( '15935711111111', 26 );
INSERT INTO CLIENTE_X_ENDERECO (CPF, ID_ENDERECO )
    VALUES ( '95175366666666', 26 );
--CLIENTES CONTA 8888:0001:241 PJ
INSERT INTO ENDERECO (ID_ENDERECO, ID_BAIRRO, ID_CIDADE, LOGRADOURO, NUMERO )
        VALUES ( 27, 1, 1, 'Teste teste', 456 );
INSERT INTO CLIENTE (CPF, NOME, DATA_NASCIMENTO, ESTADO_CIVIL) 
    VALUES ( '78945645361651', 'Maicao', '01-01-1960', 'CASADO(A)' );
INSERT INTO CLIENTE_X_ENDERECO (CPF, ID_ENDERECO )
    VALUES ( '78945645361651', 27 );
INSERT INTO CLIENTE (CPF, NOME, DATA_NASCIMENTO, ESTADO_CIVIL) 
    VALUES ( '44444555588888', 'Mariao', '20-10-1970', 'CASADO(A)' );
INSERT INTO CLIENTE_X_ENDERECO (CPF, ID_ENDERECO )
    VALUES ( '44444555588888', 27 );
INSERT INTO CLIENTE (CPF, NOME, DATA_NASCIMENTO, ESTADO_CIVIL) 
    VALUES ( '00000001101010', 'Marinho', '01-08-1995', 'SOLTEIRO(A)' );
INSERT INTO CLIENTE_X_ENDERECO (CPF, ID_ENDERECO )
    VALUES ( '00000001101010', 27 );
--CLIENTES CONTA 7777:0001:241 INVEST
INSERT INTO ENDERECO (ID_ENDERECO, ID_BAIRRO, ID_CIDADE, LOGRADOURO, NUMERO )
        VALUES ( 28, 1, 1, 'Rua teste investimento', 800 );
INSERT INTO CLIENTE (CPF, NOME, DATA_NASCIMENTO, ESTADO_CIVIL) 
    VALUES ( '66666664984654', 'joao investidao', '10-08-1950', 'DIVORCIADO(A)' );
INSERT INTO CLIENTE_X_ENDERECO (CPF, ID_ENDERECO) VALUES ( '66666664984654', 28 );
--CONTAS
--CONTA 9999:0001:241 CONJ
INSERT INTO CONTA (CODIGO, CODIGO_AGENCIA, ID_BANCO, TIPO_CONTA, SALDO )
    VALUES ( 9999, '0001', '241', 3, DEFAULT);
INSERT INTO CLIENTE_X_CONTA (ID_CLIENTE, CODIGO, ID_BANCO, TIPO_CONTA)
    VALUES ( '15935711111111', 9999, '241', 3);
INSERT INTO CLIENTE_X_CONTA (ID_CLIENTE, CODIGO, ID_BANCO, TIPO_CONTA)
    VALUES ( '95175366666666', 9999, '241', 3);
INSERT INTO GERENTE_X_CONTA(CPF, CODIGO) VALUES ( '44444444444444', 9999 );
--CONTA 8888:0001:241 PJ
INSERT INTO CONTA (CODIGO, CODIGO_AGENCIA, ID_BANCO, TIPO_CONTA, SALDO )
    VALUES ( 8888, '0001', '241', 1, DEFAULT);
INSERT INTO CLIENTE_X_CONTA (ID_CLIENTE, CODIGO, ID_BANCO, TIPO_CONTA)
    VALUES ( '78945645361651', 8888, '241', 1);
INSERT INTO CLIENTE_X_CONTA (ID_CLIENTE, CODIGO, ID_BANCO, TIPO_CONTA)
    VALUES ( '44444555588888', 8888, '241', 1);
INSERT INTO CLIENTE_X_CONTA (ID_CLIENTE, CODIGO, ID_BANCO, TIPO_CONTA)
    VALUES ( '00000001101010', 8888, '241', 1);
INSERT INTO GERENTE_X_CONTA(CPF, CODIGO) VALUES ( '44444444444444', 8888 );
--CONTA 7777:0001:241 INVEST
INSERT INTO CONTA (CODIGO, CODIGO_AGENCIA, ID_BANCO, TIPO_CONTA, SALDO )
    VALUES ( 7777, '0001', '241', 4, DEFAULT);
INSERT INTO CLIENTE_X_CONTA (ID_CLIENTE, CODIGO, ID_BANCO, TIPO_CONTA)
    VALUES ( '66666664984654', 7777, '241', 4);
INSERT INTO GERENTE_X_CONTA(CPF, CODIGO) VALUES ( '44444444444444', 7777 );

--CLIENTES CONTA 66555:0001:241 CONJ
INSERT INTO ENDERECO (ID_ENDERECO, ID_BAIRRO, ID_CIDADE, LOGRADOURO, NUMERO )
        VALUES ( 29, 1, 1, 'Rua de mais um treste', 987 );
INSERT INTO CLIENTE (CPF, NOME, DATA_NASCIMENTO, ESTADO_CIVIL) 
    VALUES ( '65465465465464', 'darci', '01-05-1987', 'CASADO(A)' );
INSERT INTO CLIENTE (CPF, NOME, DATA_NASCIMENTO, ESTADO_CIVIL) 
    VALUES ( '98798798798798', 'Marci', '01-05-1979', 'CASADO(A)' );
INSERT INTO CLIENTE_X_ENDERECO (CPF, ID_ENDERECO )
    VALUES ( '65465465465464', 29 );
INSERT INTO CLIENTE_X_ENDERECO (CPF, ID_ENDERECO )
    VALUES ( '98798798798798', 29 );
--CLIENTES CONTA 99888:0001:241 INVEST
INSERT INTO ENDERECO (ID_ENDERECO, ID_BAIRRO, ID_CIDADE, LOGRADOURO, NUMERO )
        VALUES ( 30, 1, 1, 'Rua dos investumentosss', 9500 );
INSERT INTO CLIENTE (CPF, NOME, DATA_NASCIMENTO, ESTADO_CIVIL) 
    VALUES ( '78978978978979', 'Brazilian investor', '25-08-1990', 'DIVORCIADO(A)' );
INSERT INTO CLIENTE_X_ENDERECO (CPF, ID_ENDERECO) VALUES ( '78978978978979', 30 );
--CLIENTES CONTA 33222:0001:241 PF
INSERT INTO ENDERECO (ID_ENDERECO, ID_BAIRRO, ID_CIDADE, LOGRADOURO, NUMERO )
        VALUES ( 31, 1, 1, 'Rua da PF PF', 6549 );
INSERT INTO CLIENTE (CPF, NOME, DATA_NASCIMENTO, ESTADO_CIVIL) 
    VALUES ( '11447744114477', 'Seu joao pf', '30-08-1987', 'DIVORCIADO(A)' );
INSERT INTO CLIENTE_X_ENDERECO (CPF, ID_ENDERECO) VALUES ( '11447744114477', 31 );
--CONTAS
--CONTA 66555:0001:241 CONJ
INSERT INTO CONTA (CODIGO, CODIGO_AGENCIA, ID_BANCO, TIPO_CONTA, SALDO )
    VALUES ( 66555, '0001', '241', 3, DEFAULT);
INSERT INTO CLIENTE_X_CONTA (ID_CLIENTE, CODIGO, ID_BANCO, TIPO_CONTA)
    VALUES ( '33333322222222', 66555, '241', 3);
INSERT INTO CLIENTE_X_CONTA (ID_CLIENTE, CODIGO, ID_BANCO, TIPO_CONTA)
    VALUES ( '44444455555555', 66555, '241', 3);
INSERT INTO GERENTE_X_CONTA(CPF, CODIGO) VALUES ( '44444444444444', 66555 );
--CONTA 99888:0001:241 INVEST
INSERT INTO CONTA (CODIGO, CODIGO_AGENCIA, ID_BANCO, TIPO_CONTA, SALDO )
    VALUES ( 99888, '0001', '241', 4, DEFAULT);
INSERT INTO CLIENTE_X_CONTA (ID_CLIENTE, CODIGO, ID_BANCO, TIPO_CONTA)
    VALUES ( '44444445555558', 99888, '241', 4);
INSERT INTO GERENTE_X_CONTA(CPF, CODIGO) VALUES ( '44444444444444', 99888 );
--CONTA 33222:0001:241 PF
INSERT INTO CONTA (CODIGO, CODIGO_AGENCIA, ID_BANCO, TIPO_CONTA, SALDO )
    VALUES ( 33222, '0001', '241', 2, DEFAULT);
INSERT INTO CLIENTE_X_CONTA (ID_CLIENTE, CODIGO, ID_BANCO, TIPO_CONTA)
    VALUES ( '88885555555555', 33222, '241', 2);
INSERT INTO GERENTE_X_CONTA(CPF, CODIGO) VALUES ( '44444444444444', 33222 );

--BANCO 307
--AGENCIA 0001:307
--GERENTE
INSERT INTO ENDERECO (ID_ENDERECO, ID_BAIRRO, ID_CIDADE, LOGRADOURO, NUMERO )
        VALUES ( 32, 1, 1, 'Rua teststs', 1112 );
INSERT INTO CLIENTE (CPF, NOME, DATA_NASCIMENTO, ESTADO_CIVIL) 
    VALUES ( '55555555555555', 'Gerente gerente', '01-01-1981', 'SOLTEIRO(A)' );
INSERT INTO CLIENTE_X_ENDERECO (CPF, ID_ENDERECO )
    VALUES ( '55555555555555', 32 );
INSERT INTO GERENTE (CPF, FK_CODIGO, ID_BANCO, CODIGO_FUNCIONARIO, TIPO_GERENTE)
    VALUES ( '55555555555555', '0001', '307', 5, 'GC' );
--CLIENTES
--CLIENTES CONTA 1100:0001:307 PJ
INSERT INTO ENDERECO (ID_ENDERECO, ID_BAIRRO, ID_CIDADE, LOGRADOURO, NUMERO )
        VALUES ( 33, 1, 1, 'Rua clienteste', 5488 );
INSERT INTO CLIENTE (CPF, NOME, DATA_NASCIMENTO, ESTADO_CIVIL) 
    VALUES ( '78945612345698', 'Clientess da silva', '01-01-1992', 'CASADO(A)' );
INSERT INTO CLIENTE_X_ENDERECO (CPF, ID_ENDERECO )
    VALUES ( '78945612345698', 33 );
INSERT INTO CLIENTE (CPF, NOME, DATA_NASCIMENTO, ESTADO_CIVIL) 
    VALUES ( '12345674849841', 'Clientosass da silva', '01-10-1994', 'CASADO(A)' );
INSERT INTO CLIENTE_X_ENDERECO (CPF, ID_ENDERECO )
    VALUES ( '12345674849841', 33 );
INSERT INTO CLIENTE (CPF, NOME, DATA_NASCIMENTO, ESTADO_CIVIL) 
    VALUES ( '65498765465465', 'Clientesss da silva filho', '01-01-2010', 'SOLTEIRO(A)' );
INSERT INTO CLIENTE_X_ENDERECO (CPF, ID_ENDERECO )
    VALUES ( '65498765465465', 33 );
--CLIENTES CONTA 2211:0001:307 CONJ
INSERT INTO ENDERECO (ID_ENDERECO, ID_BAIRRO, ID_CIDADE, LOGRADOURO, NUMERO )
        VALUES ( 34, 1, 1, 'Rua testeconj22', 110 );
INSERT INTO CLIENTE (CPF, NOME, DATA_NASCIMENTO, ESTADO_CIVIL) 
    VALUES ( '99992222222222', 'Joao teste', '01-10-1990', 'CASADO(A)' );
INSERT INTO CLIENTE (CPF, NOME, DATA_NASCIMENTO, ESTADO_CIVIL) 
    VALUES ( '99993333333333', 'Maria teste', '01-10-1989', 'CASADO(A)' );
INSERT INTO CLIENTE_X_ENDERECO (CPF, ID_ENDERECO )
    VALUES ( '99992222222222', 34 );
INSERT INTO CLIENTE_X_ENDERECO (CPF, ID_ENDERECO )
    VALUES ( '99993333333333', 34 );
--CLIENTES CONTA 3322:0001:307 PF
INSERT INTO ENDERECO (ID_ENDERECO, ID_BAIRRO, ID_CIDADE, LOGRADOURO, NUMERO )
        VALUES ( 35, 1, 1, 'Rua testePF3', 100 );
INSERT INTO CLIENTE (CPF, NOME, DATA_NASCIMENTO, ESTADO_CIVIL) 
    VALUES ( '22229999999999', 'Mario da PF', '01-10-1972', 'CASADO(A)' );
INSERT INTO CLIENTE_X_ENDERECO (CPF, ID_ENDERECO) VALUES ( '22229999999999', 35 );
--CLIENTES CONTA 4433:0001:307 INVEST
INSERT INTO ENDERECO (ID_ENDERECO, ID_BAIRRO, ID_CIDADE, LOGRADOURO, NUMERO )
        VALUES ( 36, 1, 1, 'Rua do investimentosss', 2222 );
INSERT INTO CLIENTE (CPF, NOME, DATA_NASCIMENTO, ESTADO_CIVIL) 
    VALUES ( '88888855989899', 'Mario Investidor', '01-08-1988', 'CASADO(A)' );
INSERT INTO CLIENTE_X_ENDERECO (CPF, ID_ENDERECO) VALUES ( '88888855989899', 36 );
--CONTAS
--CONTA 1100:0001:307 PJ
INSERT INTO CONTA (CODIGO, CODIGO_AGENCIA, ID_BANCO, TIPO_CONTA, SALDO )
    VALUES ( 1100, '0001', '307', 1, DEFAULT);
INSERT INTO CLIENTE_X_CONTA (ID_CLIENTE, CODIGO, ID_BANCO, TIPO_CONTA)
    VALUES ( '78945612345698', 1100, '307', 1);
INSERT INTO CLIENTE_X_CONTA (ID_CLIENTE, CODIGO, ID_BANCO, TIPO_CONTA)
    VALUES ( '12345674849841', 1100, '307', 1);
INSERT INTO CLIENTE_X_CONTA (ID_CLIENTE, CODIGO, ID_BANCO, TIPO_CONTA)
    VALUES ( '65498765465465', 1100, '307', 1);
INSERT INTO GERENTE_X_CONTA(CPF, CODIGO) VALUES ( '55555555555555', 1100 );
--CONTA 2211:0001:307 CONJ
INSERT INTO CONTA (CODIGO, CODIGO_AGENCIA, ID_BANCO, TIPO_CONTA, SALDO )
    VALUES ( 2211, '0001', '307', 3, DEFAULT);
INSERT INTO CLIENTE_X_CONTA (ID_CLIENTE, CODIGO, ID_BANCO, TIPO_CONTA)
    VALUES ( '99992222222222', 2211, '307', 3);
INSERT INTO CLIENTE_X_CONTA (ID_CLIENTE, CODIGO, ID_BANCO, TIPO_CONTA)
    VALUES ( '99993333333333', 2211, '307', 3);
INSERT INTO GERENTE_X_CONTA(CPF, CODIGO) VALUES ( '55555555555555', 2211 );
--CONTA 3322:0001:307 PF
INSERT INTO CONTA (CODIGO, CODIGO_AGENCIA, ID_BANCO, TIPO_CONTA, SALDO )
    VALUES ( 3322, '0001', '307', 2, DEFAULT);
INSERT INTO CLIENTE_X_CONTA (ID_CLIENTE, CODIGO, ID_BANCO, TIPO_CONTA)
    VALUES ( '22229999999999', 3322, '307', 2);
INSERT INTO GERENTE_X_CONTA(CPF, CODIGO) VALUES ( '55555555555555', 3322 );
--CONTA 4433:0001:307 INVEST
INSERT INTO CONTA (CODIGO, CODIGO_AGENCIA, ID_BANCO, TIPO_CONTA, SALDO )
    VALUES ( 4433, '0001', '307', 4, DEFAULT);
INSERT INTO CLIENTE_X_CONTA (ID_CLIENTE, CODIGO, ID_BANCO, TIPO_CONTA)
    VALUES ( '88888855989899', 4433, '307', 4);
INSERT INTO GERENTE_X_CONTA(CPF, CODIGO) VALUES ( '55555555555555', 4433 );
--AGENCIA 8761:307
--GERENTE
INSERT INTO ENDERECO (ID_ENDERECO, ID_BAIRRO, ID_CIDADE, LOGRADOURO, NUMERO )
        VALUES ( 37, 5, 5, 'Rua qualquer qualquer', 888 );
INSERT INTO CLIENTE (CPF, NOME, DATA_NASCIMENTO, ESTADO_CIVIL) 
    VALUES ( '66666666666666', 'Gerente de qualquer', '01-02-1990', 'CASADO(A)' );
INSERT INTO CLIENTE_X_ENDERECO (CPF, ID_ENDERECO )
    VALUES ( '66666666666666', 37 );
INSERT INTO GERENTE (CPF, FK_CODIGO, ID_BANCO, CODIGO_FUNCIONARIO, TIPO_GERENTE)
    VALUES ( '66666666666666', '8761', '307', 6, 'GC' );
--CLIENTES 8761:307
--CLIENTES CONTA 900:8761:307 CONJ
INSERT INTO ENDERECO (ID_ENDERECO, ID_BAIRRO, ID_CIDADE, LOGRADOURO, NUMERO )
        VALUES ( 38, 5, 5, 'avenida da rua', 9875 );
INSERT INTO CLIENTE (CPF, NOME, DATA_NASCIMENTO, ESTADO_CIVIL) 
    VALUES ( '99999998989898', 'John from brazil', '01-05-1985', 'CASADO(A)' );
INSERT INTO CLIENTE (CPF, NOME, DATA_NASCIMENTO, ESTADO_CIVIL) 
    VALUES ( '88888888998989', 'Mary from brazil', '01-05-1983', 'CASADO(A)' );
INSERT INTO CLIENTE_X_ENDERECO (CPF, ID_ENDERECO )
    VALUES ( '99999998989898', 38 );
INSERT INTO CLIENTE_X_ENDERECO (CPF, ID_ENDERECO )
    VALUES ( '88888888998989', 38 );
--CLIENTES CONTA 800:8761:307 PJ
INSERT INTO ENDERECO (ID_ENDERECO, ID_BAIRRO, ID_CIDADE, LOGRADOURO, NUMERO )
        VALUES ( 39, 5, 5, 'PJ rua da rua', 20 );
INSERT INTO CLIENTE (CPF, NOME, DATA_NASCIMENTO, ESTADO_CIVIL) 
    VALUES ( '33323222322222', 'Seu Costumer pj', '01-01-1960', 'CASADO(A)' );
INSERT INTO CLIENTE_X_ENDERECO (CPF, ID_ENDERECO )
    VALUES ( '33323222322222', 39 );
INSERT INTO CLIENTE (CPF, NOME, DATA_NASCIMENTO, ESTADO_CIVIL) 
    VALUES ( '66666565556555', 'dona Costumer pj', '20-10-1970', 'CASADO(A)' );
INSERT INTO CLIENTE_X_ENDERECO (CPF, ID_ENDERECO )
    VALUES ( '66666565556555', 39 );
INSERT INTO CLIENTE (CPF, NOME, DATA_NASCIMENTO, ESTADO_CIVIL) 
    VALUES ( '66659888999888', 'Guri pj jr', '01-08-1995', 'SOLTEIRO(A)' );
INSERT INTO CLIENTE_X_ENDERECO (CPF, ID_ENDERECO )
    VALUES ( '66659888999888', 39 );
--CLIENTES CONTA 700:8761:307 INVEST
INSERT INTO ENDERECO (ID_ENDERECO, ID_BAIRRO, ID_CIDADE, LOGRADOURO, NUMERO )
        VALUES ( 40, 5, 5, 'Rebolsas', 800 );
INSERT INTO CLIENTE (CPF, NOME, DATA_NASCIMENTO, ESTADO_CIVIL) 
    VALUES ( '44444444465444', 'Jão investidor', '10-08-1990', 'DIVORCIADO(A)' );
INSERT INTO CLIENTE_X_ENDERECO (CPF, ID_ENDERECO) VALUES ( '44444444465444', 40 );
--CONTAS
--CONTA 900:8761:307 CONJ
INSERT INTO CONTA (CODIGO, CODIGO_AGENCIA, ID_BANCO, TIPO_CONTA, SALDO )
    VALUES ( 900, '8761', '307', 3, DEFAULT);
INSERT INTO CLIENTE_X_CONTA (ID_CLIENTE, CODIGO, ID_BANCO, TIPO_CONTA)
    VALUES ( '99999998989898', 900, '307', 3);
INSERT INTO CLIENTE_X_CONTA (ID_CLIENTE, CODIGO, ID_BANCO, TIPO_CONTA)
    VALUES ( '88888888998989', 900, '307', 3);
INSERT INTO GERENTE_X_CONTA(CPF, CODIGO) VALUES ( '66666666666666', 900 );
--CONTA 800:8761:307 PJ
INSERT INTO CONTA (CODIGO, CODIGO_AGENCIA, ID_BANCO, TIPO_CONTA, SALDO )
    VALUES ( 800, '8761', '307', 1, DEFAULT);
INSERT INTO CLIENTE_X_CONTA (ID_CLIENTE, CODIGO, ID_BANCO, TIPO_CONTA)
    VALUES ( '33323222322222', 800, '307', 1);
INSERT INTO CLIENTE_X_CONTA (ID_CLIENTE, CODIGO, ID_BANCO, TIPO_CONTA)
    VALUES ( '66666565556555', 800, '307', 1);
INSERT INTO CLIENTE_X_CONTA (ID_CLIENTE, CODIGO, ID_BANCO, TIPO_CONTA)
    VALUES ( '66659888999888', 800, '307', 1);
INSERT INTO GERENTE_X_CONTA(CPF, CODIGO) VALUES ( '66666666666666', 800 );
--CONTA 700:8761:307 INVEST
INSERT INTO CONTA (CODIGO, CODIGO_AGENCIA, ID_BANCO, TIPO_CONTA, SALDO )
    VALUES ( 700, '8761', '307', 4, DEFAULT);
INSERT INTO CLIENTE_X_CONTA (ID_CLIENTE, CODIGO, ID_BANCO, TIPO_CONTA)
    VALUES ( '44444444465444', 700, '307', 4);
INSERT INTO GERENTE_X_CONTA(CPF, CODIGO) VALUES ( '66666666666666', 700 );
--AGENCIA 4567:011
--GERENTE
INSERT INTO ENDERECO (ID_ENDERECO, ID_BAIRRO, ID_CIDADE, LOGRADOURO, NUMERO )
        VALUES ( 41, 4, 4, 'Rua del gerente', 24 );
INSERT INTO CLIENTE (CPF, NOME, DATA_NASCIMENTO, ESTADO_CIVIL) 
    VALUES ( '77777777777777', 'Gerente argentino', '01-08-1981', 'CASADO(A)' );
INSERT INTO CLIENTE_X_ENDERECO (CPF, ID_ENDERECO )
    VALUES ( '77777777777777', 41 );
INSERT INTO GERENTE (CPF, FK_CODIGO, ID_BANCO, CODIGO_FUNCIONARIO, TIPO_GERENTE)
    VALUES ( '77777777777777', '8761', '307', 7, 'GC' );
--CLIENTES
--CLIENTES CONTA 980:4567:307 CONJ
INSERT INTO ENDERECO (ID_ENDERECO, ID_BAIRRO, ID_CIDADE, LOGRADOURO, NUMERO )
        VALUES ( 42, 4, 4, 'Calle argentina', 110 );
INSERT INTO CLIENTE (CPF, NOME, DATA_NASCIMENTO, ESTADO_CIVIL) 
    VALUES ( '22222585828252', 'Juan da Argentina', '01-05-1987', 'CASADO(A)' );
INSERT INTO CLIENTE (CPF, NOME, DATA_NASCIMENTO, ESTADO_CIVIL) 
    VALUES ( '33333335355353', 'Maria da graca argentina', '01-05-1979', 'CASADO(A)' );
INSERT INTO CLIENTE_X_ENDERECO (CPF, ID_ENDERECO )
    VALUES ( '22222585828252', 42 );
INSERT INTO CLIENTE_X_ENDERECO (CPF, ID_ENDERECO )
    VALUES ( '33333335355353', 42 );
--CLIENTES CONTA 650:4567:307 INVEST
INSERT INTO ENDERECO (ID_ENDERECO, ID_BAIRRO, ID_CIDADE, LOGRADOURO, NUMERO )
        VALUES ( 43, 4, 4, 'Rua do investidor argentino', 9500 );
INSERT INTO CLIENTE (CPF, NOME, DATA_NASCIMENTO, ESTADO_CIVIL) 
    VALUES ( '33333333332323', 'Juan investidor', '25-08-1987', 'DIVORCIADO(A)' );
INSERT INTO CLIENTE_X_ENDERECO (CPF, ID_ENDERECO) VALUES ( '33333333332323', 43 );
--CLIENTES CONTA 320:4567:307 PF
INSERT INTO ENDERECO (ID_ENDERECO, ID_BAIRRO, ID_CIDADE, LOGRADOURO, NUMERO )
        VALUES ( 44, 4, 4, 'Rua da pf aregentina', 1234 );
INSERT INTO CLIENTE (CPF, NOME, DATA_NASCIMENTO, ESTADO_CIVIL) 
    VALUES ( '4444414449844', 'Juan PFF', '30-08-1990', 'DIVORCIADO(A)' );
INSERT INTO CLIENTE_X_ENDERECO (CPF, ID_ENDERECO) VALUES ( '4444414449844', 44 );
--CONTAS
--CONTA 980:4567:307 CONJ
INSERT INTO CONTA (CODIGO, CODIGO_AGENCIA, ID_BANCO, TIPO_CONTA, SALDO )
    VALUES ( 980, '4567', '307', 3, DEFAULT);
INSERT INTO CLIENTE_X_CONTA (ID_CLIENTE, CODIGO, ID_BANCO, TIPO_CONTA)
    VALUES ( '22222585828252', 980, '307', 3);
INSERT INTO CLIENTE_X_CONTA (ID_CLIENTE, CODIGO, ID_BANCO, TIPO_CONTA)
    VALUES ( '33333335355353', 980, '307', 3);
INSERT INTO GERENTE_X_CONTA(CPF, CODIGO) VALUES ( '77777777777777', 980 );
--CONTA 650:4567:307 INVEST
INSERT INTO CONTA (CODIGO, CODIGO_AGENCIA, ID_BANCO, TIPO_CONTA, SALDO )
    VALUES ( 650, '4567', '307', 4, DEFAULT);
INSERT INTO CLIENTE_X_CONTA (ID_CLIENTE, CODIGO, ID_BANCO, TIPO_CONTA)
    VALUES ( '33333333332323', 650, '307', 4);
INSERT INTO GERENTE_X_CONTA(CPF, CODIGO) VALUES ( '77777777777777', 650 );
--CONTA 320:4567:307 PF
INSERT INTO CONTA (CODIGO, CODIGO_AGENCIA, ID_BANCO, TIPO_CONTA, SALDO )
    VALUES ( 320, '4567', '307', 2, DEFAULT);
INSERT INTO CLIENTE_X_CONTA (ID_CLIENTE, CODIGO, ID_BANCO, TIPO_CONTA)
    VALUES ( '4444414449844', 320, '307', 2);
INSERT INTO GERENTE_X_CONTA(CPF, CODIGO) VALUES ( '77777777777777', 320 );